<?xml version="1.0" encoding="UTF-8"?>
<project-private xmlns="http://www.netbeans.org/ns/project-private/1">
    <editor-bookmarks xmlns="http://www.netbeans.org/ns/editor-bookmarks/2" lastBookmarkId="0"/>
    <open-files xmlns="http://www.netbeans.org/ns/projectui-open-files/2">
        <group>
            <file>file:/var/www/html/apiEsc/module/Application/src/Model/AccionPost.php</file>
            <file>file:/var/www/html/apiEsc/module/Application/src/Model/ValidaToken.php</file>
            <file>file:/var/www/html/apiEsc/module/Application/src/Model/AccionDelete.php</file>
            <file>file:/var/www/html/apiEsc/module/Application/src/Model/ValidaCampos.php</file>
            <file>file:/var/www/html/apiEsc/module/Application/src/Model/ValidaFecha.php</file>
            <file>file:/var/www/html/apiEsc/module/Application/src/Model/AccionGet.php</file>
            <file>file:/var/www/html/apiEsc/module/Application/src/Model/ValidaTexto.php</file>
            <file>file:/var/www/html/apiEsc/module/Application/src/Controller/IndexController.php</file>
            <file>file:/var/www/html/apiEsc/module/Application/src/Model/AccionPut.php</file>
            <file>file:/var/www/html/apiEsc/module/Application/src/Model/ValidaAlfanumerico.php</file>
            <file>file:/var/www/html/apiEsc/index.php</file>
            <file>file:/var/www/html/apiEsc/module/Application/src/Model/ConexionBD.php</file>
            <file>file:/var/www/html/apiEsc/module/Application/src/Model/ValidaNumerico.php</file>
            <file>file:/var/www/html/apiEsc/public/index.php</file>
        </group>
    </open-files>
</project-private>
